,Country/Region,Date,Confirmed,Deaths
0,Australia,2020-01-22,0,0
1,Australia,2020-01-23,0,0
2,Australia,2020-01-24,0,0
3,Australia,2020-01-25,0,0
4,Australia,2020-01-26,4,0
5,Australia,2020-01-27,5,0
6,Australia,2020-01-28,5,0
7,Australia,2020-01-29,6,0
8,Australia,2020-01-30,9,0
9,Australia,2020-01-31,9,0
10,Australia,2020-02-01,12,0
11,Australia,2020-02-02,12,0
12,Australia,2020-02-03,12,0
13,Australia,2020-02-04,13,0
14,Australia,2020-02-05,13,0
15,Australia,2020-02-06,14,0
16,Australia,2020-02-07,15,0
17,Australia,2020-02-08,15,0
18,Australia,2020-02-09,15,0
19,Australia,2020-02-10,15,0
20,Australia,2020-02-11,15,0
21,Australia,2020-02-12,15,0
22,Australia,2020-02-13,15,0
23,Australia,2020-02-14,15,0
24,Australia,2020-02-15,15,0
25,Australia,2020-02-16,15,0
26,Australia,2020-02-17,15,0
27,Australia,2020-02-18,15,0
28,Australia,2020-02-19,15,0
29,Australia,2020-02-20,15,0
30,Australia,2020-02-21,15,0
31,Australia,2020-02-22,15,0
32,Australia,2020-02-23,15,0
33,Australia,2020-02-24,15,0
34,Australia,2020-02-25,15,0
35,Australia,2020-02-26,15,0
36,Australia,2020-02-27,15,0
37,Australia,2020-02-28,15,0
38,Australia,2020-02-29,25,0
39,Australia,2020-03-01,27,1
40,Australia,2020-03-02,30,1
41,Australia,2020-03-03,39,1
42,Australia,2020-03-04,52,2
43,Australia,2020-03-05,55,2
44,Australia,2020-03-06,60,2
45,Australia,2020-03-07,63,2
46,Australia,2020-03-08,76,3
47,Australia,2020-03-09,91,3
48,Australia,2020-03-10,107,3
49,Australia,2020-03-11,128,3
50,Australia,2020-03-12,128,3
51,Australia,2020-03-13,200,3
52,Australia,2020-03-14,250,3
53,Australia,2020-03-15,297,3
54,Australia,2020-03-16,377,3
55,Australia,2020-03-17,452,5
56,Australia,2020-03-18,568,6
57,Australia,2020-03-19,681,6
58,Australia,2020-03-20,791,7
59,Australia,2020-03-21,1071,7
60,Australia,2020-03-22,1549,7
61,Australia,2020-03-23,1682,7
62,Australia,2020-03-24,2044,8
63,Australia,2020-03-25,2364,8
64,Australia,2020-03-26,2810,13
65,Australia,2020-03-27,3143,13
66,Australia,2020-03-28,3640,14
67,Australia,2020-03-29,3984,16
68,Australia,2020-03-30,4361,17
69,Australia,2020-03-31,4559,18
70,Australia,2020-04-01,4862,20
71,Australia,2020-04-02,5116,24
72,Australia,2020-04-03,5330,28
73,Australia,2020-04-04,5550,30
74,Australia,2020-04-05,5687,35
75,Australia,2020-04-06,5797,40
76,Australia,2020-04-07,5895,45
77,Australia,2020-04-08,6010,50
78,Australia,2020-04-09,6108,51
79,Australia,2020-04-10,6215,54
80,Australia,2020-04-11,6303,57
81,Australia,2020-04-12,6315,60
82,Australia,2020-04-13,6351,61
83,Australia,2020-04-14,6415,62
84,Australia,2020-04-15,6440,63
85,Australia,2020-04-16,6462,63
86,Australia,2020-04-17,6522,66
87,Australia,2020-04-18,6568,67
88,Australia,2020-04-19,6610,67
89,Australia,2020-04-20,6623,67
90,Australia,2020-04-21,6645,67
91,Australia,2020-04-22,6652,67
92,Australia,2020-04-23,6662,75
93,Australia,2020-04-24,6677,79
94,Australia,2020-04-25,6694,80
95,Australia,2020-04-26,6714,83
96,Australia,2020-04-27,6721,83
97,Australia,2020-04-28,6744,89
98,Australia,2020-04-29,6752,91
99,Australia,2020-04-30,6766,93
100,Australia,2020-05-01,6778,93
101,Australia,2020-05-02,6799,94
102,Australia,2020-05-03,6822,95
103,Australia,2020-05-04,6847,96
104,Australia,2020-05-05,6875,97
105,Australia,2020-05-06,6894,97
106,Australia,2020-05-07,6913,97
107,Australia,2020-05-08,6918,97
108,Australia,2020-05-09,6939,97
109,Australia,2020-05-10,6948,97
110,Australia,2020-05-11,6970,97
111,Australia,2020-05-12,6980,98
112,Australia,2020-05-13,6989,98
113,Australia,2020-05-14,7019,98
114,Australia,2020-05-15,7035,98
115,Australia,2020-05-16,7044,98
116,Australia,2020-05-17,7054,99
117,Australia,2020-05-18,7068,99
118,Australia,2020-05-19,7072,100
119,Australia,2020-05-20,7081,100
120,Australia,2020-05-21,7095,101
121,Australia,2020-05-22,7099,101
122,Australia,2020-05-23,7114,102
123,Australia,2020-05-24,7114,102
124,Australia,2020-05-25,7126,102
125,Australia,2020-05-26,7139,103
126,Australia,2020-05-27,7150,103
127,Australia,2020-05-28,7165,103
128,Australia,2020-05-29,7184,103
129,Australia,2020-05-30,7192,103
130,Australia,2020-05-31,7202,103
131,Australia,2020-06-01,7221,102
132,Australia,2020-06-02,7229,102
133,Australia,2020-06-03,7240,102
134,Australia,2020-06-04,7247,102
135,Australia,2020-06-05,7252,102
136,Australia,2020-06-06,7259,102
137,Australia,2020-06-07,7265,102
138,Australia,2020-06-08,7267,102
139,Australia,2020-06-09,7274,102
140,Australia,2020-06-10,7285,102
141,Australia,2020-06-11,7289,102
142,Australia,2020-06-12,7294,102
143,Australia,2020-06-13,7320,102
144,Australia,2020-06-14,7335,102
145,Australia,2020-06-15,7347,102
146,Australia,2020-06-16,7370,102
147,Australia,2020-06-17,7391,102
148,Australia,2020-06-18,7409,102
149,Australia,2020-06-19,7411,102
150,Australia,2020-06-20,7461,102
151,Australia,2020-06-21,7474,102
152,Australia,2020-06-22,7492,102
153,Australia,2020-06-23,7521,103
154,Australia,2020-06-24,7558,104
155,Australia,2020-06-25,7595,104
156,Australia,2020-06-26,7601,104
157,Australia,2020-06-27,7686,104
158,Australia,2020-06-28,7764,104
159,Australia,2020-06-29,7834,104
160,Australia,2020-06-30,7920,104
161,Australia,2020-07-01,8001,104
162,Australia,2020-07-02,8066,104
163,Australia,2020-07-03,8260,104
164,Australia,2020-07-04,8443,104
165,Australia,2020-07-05,8583,106
166,Australia,2020-07-06,8755,106
167,Australia,2020-07-07,8886,106
168,Australia,2020-07-08,9056,106
169,Australia,2020-07-09,9374,106
170,Australia,2020-07-10,9553,107
171,Australia,2020-07-11,9797,108
172,Australia,2020-07-12,9980,108
173,Australia,2020-07-13,10251,108
174,Australia,2020-07-14,10487,111
175,Australia,2020-07-15,10810,113
176,Australia,2020-07-16,11233,116
177,Australia,2020-07-17,11441,118
178,Australia,2020-07-18,11802,122
179,Australia,2020-07-19,12069,123
180,Australia,2020-07-20,12428,126
181,Australia,2020-07-21,12894,128
182,Australia,2020-07-22,13302,133
183,Australia,2020-07-23,13595,139
184,Australia,2020-07-24,13950,145
185,Australia,2020-07-25,14403,155
186,Australia,2020-07-26,14935,161
187,Australia,2020-07-27,15303,167
188,Canada,2020-01-22,0,0
189,Canada,2020-01-23,0,0
190,Canada,2020-01-24,0,0
191,Canada,2020-01-25,0,0
192,Canada,2020-01-26,1,0
193,Canada,2020-01-27,1,0
194,Canada,2020-01-28,2,0
195,Canada,2020-01-29,2,0
196,Canada,2020-01-30,2,0
197,Canada,2020-01-31,4,0
198,Canada,2020-02-01,4,0
199,Canada,2020-02-02,4,0
200,Canada,2020-02-03,4,0
201,Canada,2020-02-04,4,0
202,Canada,2020-02-05,5,0
203,Canada,2020-02-06,5,0
204,Canada,2020-02-07,7,0
205,Canada,2020-02-08,7,0
206,Canada,2020-02-09,7,0
207,Canada,2020-02-10,7,0
208,Canada,2020-02-11,7,0
209,Canada,2020-02-12,7,0
210,Canada,2020-02-13,7,0
211,Canada,2020-02-14,7,0
212,Canada,2020-02-15,7,0
213,Canada,2020-02-16,7,0
214,Canada,2020-02-17,8,0
215,Canada,2020-02-18,8,0
216,Canada,2020-02-19,8,0
217,Canada,2020-02-20,8,0
218,Canada,2020-02-21,9,0
219,Canada,2020-02-22,9,0
220,Canada,2020-02-23,9,0
221,Canada,2020-02-24,10,0
222,Canada,2020-02-25,11,0
223,Canada,2020-02-26,11,0
224,Canada,2020-02-27,13,0
225,Canada,2020-02-28,14,0
226,Canada,2020-02-29,20,0
227,Canada,2020-03-01,24,0
228,Canada,2020-03-02,27,0
229,Canada,2020-03-03,30,0
230,Canada,2020-03-04,33,0
231,Canada,2020-03-05,37,0
232,Canada,2020-03-06,49,0
233,Canada,2020-03-07,54,0
234,Canada,2020-03-08,64,0
235,Canada,2020-03-09,77,1
236,Canada,2020-03-10,79,1
237,Canada,2020-03-11,108,1
238,Canada,2020-03-12,117,1
239,Canada,2020-03-13,191,1
240,Canada,2020-03-14,196,1
241,Canada,2020-03-15,250,1
242,Canada,2020-03-16,413,4
243,Canada,2020-03-17,470,5
244,Canada,2020-03-18,648,8
245,Canada,2020-03-19,791,9
246,Canada,2020-03-20,933,12
247,Canada,2020-03-21,1267,19
248,Canada,2020-03-22,1456,20
249,Canada,2020-03-23,2075,24
250,Canada,2020-03-24,2777,25
251,Canada,2020-03-25,3238,29
252,Canada,2020-03-26,4029,37
253,Canada,2020-03-27,4669,53
254,Canada,2020-03-28,5563,60
255,Canada,2020-03-29,6267,63
256,Canada,2020-03-30,7385,79
257,Canada,2020-03-31,8514,100
258,Canada,2020-04-01,9547,108
259,Canada,2020-04-02,11271,138
260,Canada,2020-04-03,12424,178
261,Canada,2020-04-04,12965,217
262,Canada,2020-04-05,15743,258
263,Canada,2020-04-06,16550,338
264,Canada,2020-04-07,17859,374
265,Canada,2020-04-08,19128,406
266,Canada,2020-04-09,20641,502
267,Canada,2020-04-10,22046,556
268,Canada,2020-04-11,23303,653
269,Canada,2020-04-12,24286,713
270,Canada,2020-04-13,25667,780
271,Canada,2020-04-14,27022,900
272,Canada,2020-04-15,28196,1007
273,Canada,2020-04-16,30796,1258
274,Canada,2020-04-17,32801,1355
275,Canada,2020-04-18,34343,1400
276,Canada,2020-04-19,35620,1564
277,Canada,2020-04-20,37645,1726
278,Canada,2020-04-21,39389,1909
279,Canada,2020-04-22,41650,2077
280,Canada,2020-04-23,43286,2240
281,Canada,2020-04-24,44906,2401
282,Canada,2020-04-25,46358,2570
283,Canada,2020-04-26,48020,2686
284,Canada,2020-04-27,49603,2840
285,Canada,2020-04-28,51137,2982
286,Canada,2020-04-29,52852,3154
287,Canada,2020-04-30,54444,3309
288,Canada,2020-05-01,56329,3536
289,Canada,2020-05-02,57912,3683
290,Canada,2020-05-03,60490,3794
291,Canada,2020-05-04,61943,4002
292,Canada,2020-05-05,63201,4189
293,Canada,2020-05-06,64680,4365
294,Canada,2020-05-07,66187,4540
295,Canada,2020-05-08,67660,4696
296,Canada,2020-05-09,68904,4822
297,Canada,2020-05-10,70077,4990
298,Canada,2020-05-11,71250,5114
299,Canada,2020-05-12,72405,5299
300,Canada,2020-05-13,73554,5424
301,Canada,2020-05-14,74767,5591
302,Canada,2020-05-15,75945,5678
303,Canada,2020-05-16,77192,5799
304,Canada,2020-05-17,78318,5902
305,Canada,2020-05-18,79397,5959
306,Canada,2020-05-19,80479,6027
307,Canada,2020-05-20,81561,6149
308,Canada,2020-05-21,82728,6266
309,Canada,2020-05-22,83933,6359
310,Canada,2020-05-23,85137,6465
311,Canada,2020-05-24,86092,6533
312,Canada,2020-05-25,87105,6654
313,Canada,2020-05-26,88076,6752
314,Canada,2020-05-27,88975,6875
315,Canada,2020-05-28,89962,6981
316,Canada,2020-05-29,90895,7062
317,Canada,2020-05-30,91667,7158
318,Canada,2020-05-31,92465,7373
319,Canada,2020-06-01,93274,7403
320,Canada,2020-06-02,93947,7477
321,Canada,2020-06-03,94628,7578
322,Canada,2020-06-04,95256,7716
323,Canada,2020-06-05,95934,7777
324,Canada,2020-06-06,96462,7849
325,Canada,2020-06-07,97165,7876
326,Canada,2020-06-08,97766,7909
327,Canada,2020-06-09,98228,7969
328,Canada,2020-06-10,98707,8037
329,Canada,2020-06-11,99146,8070
330,Canada,2020-06-12,99582,8124
331,Canada,2020-06-13,100030,8182
332,Canada,2020-06-14,100391,8217
333,Canada,2020-06-15,100750,8227
334,Canada,2020-06-16,101074,8270
335,Canada,2020-06-17,101478,8311
336,Canada,2020-06-18,101864,8360
337,Canada,2020-06-19,102301,8407
338,Canada,2020-06-20,102749,8465
339,Canada,2020-06-21,103065,8481
340,Canada,2020-06-22,103405,8493
341,Canada,2020-06-23,103754,8511
342,Canada,2020-06-24,104074,8543
343,Canada,2020-06-25,104450,8566
344,Canada,2020-06-26,104616,8570
345,Canada,2020-06-27,104865,8575
346,Canada,2020-06-28,105180,8581
347,Canada,2020-06-29,105817,8627
348,Canada,2020-06-30,106084,8649
349,Canada,2020-07-01,106275,8677
350,Canada,2020-07-02,106630,8699
351,Canada,2020-07-03,106949,8721
352,Canada,2020-07-04,107172,8731
353,Canada,2020-07-05,107381,8738
354,Canada,2020-07-06,107802,8747
355,Canada,2020-07-07,108010,8764
356,Canada,2020-07-08,108321,8785
357,Canada,2020-07-09,108643,8796
358,Canada,2020-07-10,108971,8810
359,Canada,2020-07-11,109137,8817
360,Canada,2020-07-12,109335,8828
361,Canada,2020-07-13,109971,8835
362,Canada,2020-07-14,110337,8844
363,Canada,2020-07-15,110680,8856
364,Canada,2020-07-16,111131,8874
365,Canada,2020-07-17,111546,8883
366,Canada,2020-07-18,111862,8891
367,Canada,2020-07-19,112155,8895
368,Canada,2020-07-20,112925,8901
369,Canada,2020-07-21,113460,8907
370,Canada,2020-07-22,113777,8912
371,Canada,2020-07-23,114385,8918
372,Canada,2020-07-24,115102,8922
373,Canada,2020-07-25,115457,8928
374,Canada,2020-07-26,115776,8933
375,Canada,2020-07-27,116458,8944
376,China,2020-01-22,548,17
377,China,2020-01-23,643,18
378,China,2020-01-24,920,26
379,China,2020-01-25,1406,42
380,China,2020-01-26,2075,56
381,China,2020-01-27,2877,82
382,China,2020-01-28,5509,131
383,China,2020-01-29,6087,133
384,China,2020-01-30,8141,171
385,China,2020-01-31,9802,213
386,China,2020-02-01,11891,259
387,China,2020-02-02,16630,361
388,China,2020-02-03,19716,425
389,China,2020-02-04,23707,491
390,China,2020-02-05,27440,563
391,China,2020-02-06,30587,633
392,China,2020-02-07,34110,718
393,China,2020-02-08,36814,805
394,China,2020-02-09,39829,905
395,China,2020-02-10,42354,1012
396,China,2020-02-11,44386,1112
397,China,2020-02-12,46267,1117
398,China,2020-02-13,59895,1369
399,China,2020-02-14,66358,1521
400,China,2020-02-15,68413,1663
401,China,2020-02-16,70513,1766
402,China,2020-02-17,72434,1864
403,China,2020-02-18,74211,2003
404,China,2020-02-19,74619,2116
405,China,2020-02-20,75077,2238
406,China,2020-02-21,75550,2238
407,China,2020-02-22,77001,2443
408,China,2020-02-23,77022,2445
409,China,2020-02-24,77241,2595
410,China,2020-02-25,77754,2665
411,China,2020-02-26,78166,2717
412,China,2020-02-27,78600,2746
413,China,2020-02-28,78928,2790
414,China,2020-02-29,79356,2837
415,China,2020-03-01,79932,2872
416,China,2020-03-02,80136,2914
417,China,2020-03-03,80261,2947
418,China,2020-03-04,80386,2983
419,China,2020-03-05,80537,3015
420,China,2020-03-06,80690,3044
421,China,2020-03-07,80770,3072
422,China,2020-03-08,80823,3100
423,China,2020-03-09,80860,3123
424,China,2020-03-10,80887,3139
425,China,2020-03-11,80921,3161
426,China,2020-03-12,80932,3172
427,China,2020-03-13,80945,3180
428,China,2020-03-14,80977,3193
429,China,2020-03-15,81003,3203
430,China,2020-03-16,81033,3217
431,China,2020-03-17,81058,3230
432,China,2020-03-18,81102,3241
433,China,2020-03-19,81156,3249
434,China,2020-03-20,81250,3253
435,China,2020-03-21,81305,3259
436,China,2020-03-22,81435,3274
437,China,2020-03-23,81498,3274
438,China,2020-03-24,81591,3281
439,China,2020-03-25,81661,3285
440,China,2020-03-26,81782,3291
441,China,2020-03-27,81897,3296
442,China,2020-03-28,81999,3299
443,China,2020-03-29,82122,3304
444,China,2020-03-30,82198,3308
445,China,2020-03-31,82279,3309
446,China,2020-04-01,82361,3316
447,China,2020-04-02,82432,3322
448,China,2020-04-03,82511,3326
449,China,2020-04-04,82543,3330
450,China,2020-04-05,82602,3333
451,China,2020-04-06,82665,3335
452,China,2020-04-07,82718,3335
453,China,2020-04-08,82809,3337
454,China,2020-04-09,82883,3339
455,China,2020-04-10,82941,3340
456,China,2020-04-11,83014,3343
457,China,2020-04-12,83134,3343
458,China,2020-04-13,83213,3345
459,China,2020-04-14,83306,3345
460,China,2020-04-15,83356,3346
461,China,2020-04-16,83403,3346
462,China,2020-04-17,83760,4636
463,China,2020-04-18,83787,4636
464,China,2020-04-19,83805,4636
465,China,2020-04-20,83817,4636
466,China,2020-04-21,83853,4636
467,China,2020-04-22,83868,4636
468,China,2020-04-23,83884,4636
469,China,2020-04-24,83899,4636
470,China,2020-04-25,83909,4636
471,China,2020-04-26,83912,4637
472,China,2020-04-27,83918,4637
473,China,2020-04-28,83940,4637
474,China,2020-04-29,83944,4637
475,China,2020-04-30,83956,4637
476,China,2020-05-01,83959,4637
477,China,2020-05-02,83959,4637
478,China,2020-05-03,83964,4637
479,China,2020-05-04,83966,4637
480,China,2020-05-05,83968,4637
481,China,2020-05-06,83970,4637
482,China,2020-05-07,83975,4637
483,China,2020-05-08,83976,4637
484,China,2020-05-09,83990,4637
485,China,2020-05-10,84010,4637
486,China,2020-05-11,84011,4637
487,China,2020-05-12,84018,4637
488,China,2020-05-13,84024,4637
489,China,2020-05-14,84029,4637
490,China,2020-05-15,84038,4637
491,China,2020-05-16,84044,4638
492,China,2020-05-17,84054,4638
493,China,2020-05-18,84063,4638
494,China,2020-05-19,84063,4638
495,China,2020-05-20,84063,4638
496,China,2020-05-21,84063,4638
497,China,2020-05-22,84081,4638
498,China,2020-05-23,84084,4638
499,China,2020-05-24,84095,4638
500,China,2020-05-25,84102,4638
501,China,2020-05-26,84103,4638
502,China,2020-05-27,84106,4638
503,China,2020-05-28,84106,4638
504,China,2020-05-29,84123,4638
505,China,2020-05-30,84128,4638
506,China,2020-05-31,84146,4638
507,China,2020-06-01,84154,4638
508,China,2020-06-02,84161,4638
509,China,2020-06-03,84160,4638
510,China,2020-06-04,84171,4638
511,China,2020-06-05,84177,4638
512,China,2020-06-06,84186,4638
513,China,2020-06-07,84191,4638
514,China,2020-06-08,84195,4638
515,China,2020-06-09,84198,4638
516,China,2020-06-10,84209,4638
517,China,2020-06-11,84216,4638
518,China,2020-06-12,84228,4638
519,China,2020-06-13,84286,4638
520,China,2020-06-14,84335,4638
521,China,2020-06-15,84378,4638
522,China,2020-06-16,84422,4638
523,China,2020-06-17,84458,4638
524,China,2020-06-18,84494,4638
525,China,2020-06-19,84494,4638
526,China,2020-06-20,84553,4639
527,China,2020-06-21,84572,4639
528,China,2020-06-22,84624,4639
529,China,2020-06-23,84653,4640
530,China,2020-06-24,84673,4640
531,China,2020-06-25,84701,4641
532,China,2020-06-26,84725,4641
533,China,2020-06-27,84743,4641
534,China,2020-06-28,84757,4641
535,China,2020-06-29,84780,4641
536,China,2020-06-30,84785,4641
537,China,2020-07-01,84816,4641
538,China,2020-07-02,84830,4641
539,China,2020-07-03,84838,4641
540,China,2020-07-04,84857,4641
541,China,2020-07-05,84871,4641
542,China,2020-07-06,84889,4641
543,China,2020-07-07,84917,4641
544,China,2020-07-08,84950,4641
545,China,2020-07-09,84992,4641
546,China,2020-07-10,84992,4641
547,China,2020-07-11,85071,4641
548,China,2020-07-12,85117,4641
549,China,2020-07-13,85117,4641
550,China,2020-07-14,85226,4642
551,China,2020-07-15,85246,4644
552,China,2020-07-16,85327,4644
553,China,2020-07-17,85402,4645
554,China,2020-07-18,85418,4646
555,China,2020-07-19,85503,4646
556,China,2020-07-20,85622,4646
557,China,2020-07-21,85708,4648
558,China,2020-07-22,85906,4648
559,China,2020-07-23,86045,4649
560,China,2020-07-24,86202,4650
561,China,2020-07-25,86381,4652
562,China,2020-07-26,86570,4652
563,China,2020-07-27,86783,4656
564,Denmark,2020-01-22,0,0
565,Denmark,2020-01-23,0,0
566,Denmark,2020-01-24,0,0
567,Denmark,2020-01-25,0,0
568,Denmark,2020-01-26,0,0
569,Denmark,2020-01-27,0,0
570,Denmark,2020-01-28,0,0
571,Denmark,2020-01-29,0,0
572,Denmark,2020-01-30,0,0
573,Denmark,2020-01-31,0,0
574,Denmark,2020-02-01,0,0
575,Denmark,2020-02-02,0,0
576,Denmark,2020-02-03,0,0
577,Denmark,2020-02-04,0,0
578,Denmark,2020-02-05,0,0
579,Denmark,2020-02-06,0,0
580,Denmark,2020-02-07,0,0
581,Denmark,2020-02-08,0,0
582,Denmark,2020-02-09,0,0
583,Denmark,2020-02-10,0,0
584,Denmark,2020-02-11,0,0
585,Denmark,2020-02-12,0,0
586,Denmark,2020-02-13,0,0
587,Denmark,2020-02-14,0,0
588,Denmark,2020-02-15,0,0
589,Denmark,2020-02-16,0,0
590,Denmark,2020-02-17,0,0
591,Denmark,2020-02-18,0,0
592,Denmark,2020-02-19,0,0
593,Denmark,2020-02-20,0,0
594,Denmark,2020-02-21,0,0
595,Denmark,2020-02-22,0,0
596,Denmark,2020-02-23,0,0
597,Denmark,2020-02-24,0,0
598,Denmark,2020-02-25,0,0
599,Denmark,2020-02-26,0,0
600,Denmark,2020-02-27,0,0
601,Denmark,2020-02-28,0,0
602,Denmark,2020-02-29,0,0
603,Denmark,2020-03-01,0,0
604,Denmark,2020-03-02,0,0
605,Denmark,2020-03-03,0,0
606,Denmark,2020-03-04,1,0
607,Denmark,2020-03-05,1,0
608,Denmark,2020-03-06,1,0
609,Denmark,2020-03-07,1,0
610,Denmark,2020-03-08,2,0
611,Denmark,2020-03-09,2,0
612,Denmark,2020-03-10,2,0
613,Denmark,2020-03-11,2,0
614,Denmark,2020-03-12,2,0
615,Denmark,2020-03-13,3,0
616,Denmark,2020-03-14,9,0
617,Denmark,2020-03-15,11,0
618,Denmark,2020-03-16,18,0
619,Denmark,2020-03-17,47,0
620,Denmark,2020-03-18,58,0
621,Denmark,2020-03-19,72,0
622,Denmark,2020-03-20,80,0
623,Denmark,2020-03-21,92,0
624,Denmark,2020-03-22,115,0
625,Denmark,2020-03-23,118,0
626,Denmark,2020-03-24,122,0
627,Denmark,2020-03-25,132,0
628,Denmark,2020-03-26,140,0
629,Denmark,2020-03-27,144,0
630,Denmark,2020-03-28,155,0
631,Denmark,2020-03-29,159,0
632,Denmark,2020-03-30,168,0
633,Denmark,2020-03-31,169,0
634,Denmark,2020-04-01,173,0
635,Denmark,2020-04-02,177,0
636,Denmark,2020-04-03,179,0
637,Denmark,2020-04-04,181,0
638,Denmark,2020-04-05,181,0
639,Denmark,2020-04-06,183,0
640,Denmark,2020-04-07,184,0
641,Denmark,2020-04-08,184,0
642,Denmark,2020-04-09,184,0
643,Denmark,2020-04-10,184,0
644,Denmark,2020-04-11,184,0
645,Denmark,2020-04-12,184,0
646,Denmark,2020-04-13,184,0
647,Denmark,2020-04-14,184,0
648,Denmark,2020-04-15,184,0
649,Denmark,2020-04-16,184,0
650,Denmark,2020-04-17,184,0
651,Denmark,2020-04-18,184,0
652,Denmark,2020-04-19,185,0
653,Denmark,2020-04-20,185,0
654,Denmark,2020-04-21,185,0
655,Denmark,2020-04-22,185,0
656,Denmark,2020-04-23,187,0
657,Denmark,2020-04-24,187,0
658,Denmark,2020-04-25,187,0
659,Denmark,2020-04-26,187,0
660,Denmark,2020-04-27,187,0
661,Denmark,2020-04-28,187,0
662,Denmark,2020-04-29,187,0
663,Denmark,2020-04-30,187,0
664,Denmark,2020-05-01,187,0
665,Denmark,2020-05-02,187,0
666,Denmark,2020-05-03,187,0
667,Denmark,2020-05-04,187,0
668,Denmark,2020-05-05,187,0
669,Denmark,2020-05-06,187,0
670,Denmark,2020-05-07,187,0
671,Denmark,2020-05-08,187,0
672,Denmark,2020-05-09,187,0
673,Denmark,2020-05-10,187,0
674,Denmark,2020-05-11,187,0
675,Denmark,2020-05-12,187,0
676,Denmark,2020-05-13,187,0
677,Denmark,2020-05-14,187,0
678,Denmark,2020-05-15,187,0
679,Denmark,2020-05-16,187,0
680,Denmark,2020-05-17,187,0
681,Denmark,2020-05-18,187,0
682,Denmark,2020-05-19,187,0
683,Denmark,2020-05-20,187,0
684,Denmark,2020-05-21,187,0
685,Denmark,2020-05-22,187,0
686,Denmark,2020-05-23,187,0
687,Denmark,2020-05-24,187,0
688,Denmark,2020-05-25,187,0
689,Denmark,2020-05-26,187,0
690,Denmark,2020-05-27,187,0
691,Denmark,2020-05-28,187,0
692,Denmark,2020-05-29,187,0
693,Denmark,2020-05-30,187,0
694,Denmark,2020-05-31,187,0
695,Denmark,2020-06-01,187,0
696,Denmark,2020-06-02,187,0
697,Denmark,2020-06-03,187,0
698,Denmark,2020-06-04,187,0
699,Denmark,2020-06-05,187,0
700,Denmark,2020-06-06,187,0
701,Denmark,2020-06-07,187,0
702,Denmark,2020-06-08,187,0
703,Denmark,2020-06-09,187,0
704,Denmark,2020-06-10,187,0
705,Denmark,2020-06-11,187,0
706,Denmark,2020-06-12,187,0
707,Denmark,2020-06-13,187,0
708,Denmark,2020-06-14,187,0
709,Denmark,2020-06-15,187,0
710,Denmark,2020-06-16,187,0
711,Denmark,2020-06-17,187,0
712,Denmark,2020-06-18,187,0
713,Denmark,2020-06-19,187,0
714,Denmark,2020-06-20,187,0
715,Denmark,2020-06-21,187,0
716,Denmark,2020-06-22,187,0
717,Denmark,2020-06-23,187,0
718,Denmark,2020-06-24,187,0
719,Denmark,2020-06-25,187,0
720,Denmark,2020-06-26,187,0
721,Denmark,2020-06-27,187,0
722,Denmark,2020-06-28,187,0
723,Denmark,2020-06-29,187,0
724,Denmark,2020-06-30,187,0
725,Denmark,2020-07-01,187,0
726,Denmark,2020-07-02,187,0
727,Denmark,2020-07-03,187,0
728,Denmark,2020-07-04,187,0
729,Denmark,2020-07-05,188,0
730,Denmark,2020-07-06,188,0
731,Denmark,2020-07-07,188,0
732,Denmark,2020-07-08,188,0
733,Denmark,2020-07-09,188,0
734,Denmark,2020-07-10,188,0
735,Denmark,2020-07-11,188,0
736,Denmark,2020-07-12,188,0
737,Denmark,2020-07-13,188,0
738,Denmark,2020-07-14,188,0
739,Denmark,2020-07-15,188,0
740,Denmark,2020-07-16,188,0
741,Denmark,2020-07-17,188,0
742,Denmark,2020-07-18,188,0
743,Denmark,2020-07-19,191,0
744,Denmark,2020-07-20,191,0
745,Denmark,2020-07-21,191,0
746,Denmark,2020-07-22,191,0
747,Denmark,2020-07-23,191,0
748,Denmark,2020-07-24,191,0
749,Denmark,2020-07-25,192,0
750,Denmark,2020-07-26,214,0
751,Denmark,2020-07-27,214,0
752,France,2020-01-22,0,0
753,France,2020-01-23,0,0
754,France,2020-01-24,0,0
755,France,2020-01-25,0,0
756,France,2020-01-26,0,0
757,France,2020-01-27,0,0
758,France,2020-01-28,0,0
759,France,2020-01-29,0,0
760,France,2020-01-30,0,0
761,France,2020-01-31,0,0
762,France,2020-02-01,0,0
763,France,2020-02-02,0,0
764,France,2020-02-03,0,0
765,France,2020-02-04,0,0
766,France,2020-02-05,0,0
767,France,2020-02-06,0,0
768,France,2020-02-07,0,0
769,France,2020-02-08,0,0
770,France,2020-02-09,0,0
771,France,2020-02-10,0,0
772,France,2020-02-11,0,0
773,France,2020-02-12,0,0
774,France,2020-02-13,0,0
775,France,2020-02-14,0,0
776,France,2020-02-15,0,0
777,France,2020-02-16,0,0
778,France,2020-02-17,0,0
779,France,2020-02-18,0,0
780,France,2020-02-19,0,0
781,France,2020-02-20,0,0
782,France,2020-02-21,0,0
783,France,2020-02-22,0,0
784,France,2020-02-23,0,0
785,France,2020-02-24,0,0
786,France,2020-02-25,0,0
787,France,2020-02-26,0,0
788,France,2020-02-27,0,0
789,France,2020-02-28,0,0
790,France,2020-02-29,0,0
791,France,2020-03-01,0,0
792,France,2020-03-02,0,0
793,France,2020-03-03,0,0
794,France,2020-03-04,3,0
795,France,2020-03-05,3,0
796,France,2020-03-06,3,0
797,France,2020-03-07,10,0
798,France,2020-03-08,10,0
799,France,2020-03-09,10,0
800,France,2020-03-10,10,0
801,France,2020-03-11,12,0
802,France,2020-03-12,12,0
803,France,2020-03-13,20,0
804,France,2020-03-14,27,0
805,France,2020-03-15,33,0
806,France,2020-03-16,50,1
807,France,2020-03-17,63,1
808,France,2020-03-18,81,1
809,France,2020-03-19,99,1
810,France,2020-03-20,146,1
811,France,2020-03-21,181,1
812,France,2020-03-22,225,2
813,France,2020-03-23,267,2
814,France,2020-03-24,318,2
815,France,2020-03-25,367,2
816,France,2020-03-26,396,2
817,France,2020-03-27,438,2
818,France,2020-03-28,530,3
819,France,2020-03-29,534,5
820,France,2020-03-30,620,6
821,France,2020-03-31,699,9
822,France,2020-04-01,760,11
823,France,2020-04-02,824,11
824,France,2020-04-03,864,13
825,France,2020-04-04,895,14
826,France,2020-04-05,934,15
827,France,2020-04-06,953,15
828,France,2020-04-07,996,15
829,France,2020-04-08,1009,18
830,France,2020-04-09,1032,18
831,France,2020-04-10,1062,18
832,France,2020-04-11,1073,19
833,France,2020-04-12,1079,19
834,France,2020-04-13,1096,19
835,France,2020-04-14,1108,19
836,France,2020-04-15,1112,21
837,France,2020-04-16,1131,21
838,France,2020-04-17,1161,22
839,France,2020-04-18,1180,22
840,France,2020-04-19,1203,26
841,France,2020-04-20,1205,27
842,France,2020-04-21,1247,33
843,France,2020-04-22,1265,33
844,France,2020-04-23,1277,33
845,France,2020-04-24,1316,34
846,France,2020-04-25,1352,34
847,France,2020-04-26,1373,34
848,France,2020-04-27,1374,34
849,France,2020-04-28,1448,34
850,France,2020-04-29,1450,34
851,France,2020-04-30,1535,34
852,France,2020-05-01,1541,34
853,France,2020-05-02,1542,34
854,France,2020-05-03,1653,36
855,France,2020-05-04,1697,36
856,France,2020-05-05,1752,39
857,France,2020-05-06,1759,40
858,France,2020-05-07,1878,41
859,France,2020-05-08,1884,41
860,France,2020-05-09,2024,42
861,France,2020-05-10,2067,42
862,France,2020-05-11,2068,42
863,France,2020-05-12,2142,43
864,France,2020-05-13,2203,45
865,France,2020-05-14,2282,47
866,France,2020-05-15,2311,47
867,France,2020-05-16,2423,49
868,France,2020-05-17,2453,49
869,France,2020-05-18,2497,49
870,France,2020-05-19,2505,49
871,France,2020-05-20,2631,51
872,France,2020-05-21,2645,51
873,France,2020-05-22,2709,51
874,France,2020-05-23,2730,51
875,France,2020-05-24,2850,53
876,France,2020-05-25,2901,53
877,France,2020-05-26,2960,53
878,France,2020-05-27,2994,53
879,France,2020-05-28,3055,54
880,France,2020-05-29,3107,54
881,France,2020-05-30,3136,54
882,France,2020-05-31,3158,54
883,France,2020-06-01,3396,57
884,France,2020-06-02,3470,57
885,France,2020-06-03,3494,57
886,France,2020-06-04,3583,58
887,France,2020-06-05,3642,58
888,France,2020-06-06,3692,58
889,France,2020-06-07,3742,58
890,France,2020-06-08,3855,59
891,France,2020-06-09,3924,62
892,France,2020-06-10,4072,62
893,France,2020-06-11,4139,62
894,France,2020-06-12,4302,62
895,France,2020-06-13,4435,62
896,France,2020-06-14,4551,64
897,France,2020-06-15,4635,64
898,France,2020-06-16,4752,66
899,France,2020-06-17,4899,66
900,France,2020-06-18,5165,66
901,France,2020-06-19,5407,66
902,France,2020-06-20,5612,68
903,France,2020-06-21,5891,69
904,France,2020-06-22,5939,71
905,France,2020-06-23,6074,71
906,France,2020-06-24,6342,73
907,France,2020-06-25,6597,75
908,France,2020-06-26,6849,76
909,France,2020-06-27,7043,77
910,France,2020-06-28,7047,77
911,France,2020-06-29,7413,80
912,France,2020-06-30,7690,83
913,France,2020-07-01,7996,84
914,France,2020-07-02,8182,84
915,France,2020-07-03,8318,84
916,France,2020-07-04,8676,84
917,France,2020-07-05,8687,83
918,France,2020-07-06,8849,87
919,France,2020-07-07,8983,89
920,France,2020-07-08,9276,90
921,France,2020-07-09,9392,93
922,France,2020-07-10,9565,95
923,France,2020-07-11,9816,98
924,France,2020-07-12,9832,98
925,France,2020-07-13,10069,101
926,France,2020-07-14,10131,103
927,France,2020-07-15,10230,105
928,France,2020-07-16,10363,106
929,France,2020-07-17,10495,106
930,France,2020-07-18,10658,109
931,France,2020-07-19,10662,109
932,France,2020-07-20,10781,111
933,France,2020-07-21,10911,112
934,France,2020-07-22,10964,112
935,France,2020-07-23,11191,113
936,France,2020-07-24,11379,114
937,France,2020-07-25,11467,114
938,France,2020-07-26,11467,114
939,France,2020-07-27,11687,116
940,Greenland,2020-01-22,0,0
941,Greenland,2020-01-23,0,0
942,Greenland,2020-01-24,0,0
943,Greenland,2020-01-25,0,0
944,Greenland,2020-01-26,0,0
945,Greenland,2020-01-27,0,0
946,Greenland,2020-01-28,0,0
947,Greenland,2020-01-29,0,0
948,Greenland,2020-01-30,0,0
949,Greenland,2020-01-31,0,0
950,Greenland,2020-02-01,0,0
951,Greenland,2020-02-02,0,0
952,Greenland,2020-02-03,0,0
953,Greenland,2020-02-04,0,0
954,Greenland,2020-02-05,0,0
955,Greenland,2020-02-06,0,0
956,Greenland,2020-02-07,0,0
957,Greenland,2020-02-08,0,0
958,Greenland,2020-02-09,0,0
959,Greenland,2020-02-10,0,0
960,Greenland,2020-02-11,0,0
961,Greenland,2020-02-12,0,0
962,Greenland,2020-02-13,0,0
963,Greenland,2020-02-14,0,0
964,Greenland,2020-02-15,0,0
965,Greenland,2020-02-16,0,0
966,Greenland,2020-02-17,0,0
967,Greenland,2020-02-18,0,0
968,Greenland,2020-02-19,0,0
969,Greenland,2020-02-20,0,0
970,Greenland,2020-02-21,0,0
971,Greenland,2020-02-22,0,0
972,Greenland,2020-02-23,0,0
973,Greenland,2020-02-24,0,0
974,Greenland,2020-02-25,0,0
975,Greenland,2020-02-26,0,0
976,Greenland,2020-02-27,0,0
977,Greenland,2020-02-28,0,0
978,Greenland,2020-02-29,0,0
979,Greenland,2020-03-01,0,0
980,Greenland,2020-03-02,0,0
981,Greenland,2020-03-03,0,0
982,Greenland,2020-03-04,0,0
983,Greenland,2020-03-05,0,0
984,Greenland,2020-03-06,0,0
985,Greenland,2020-03-07,0,0
986,Greenland,2020-03-08,0,0
987,Greenland,2020-03-09,0,0
988,Greenland,2020-03-10,0,0
989,Greenland,2020-03-11,0,0
990,Greenland,2020-03-12,0,0
991,Greenland,2020-03-13,0,0
992,Greenland,2020-03-14,0,0
993,Greenland,2020-03-15,0,0
994,Greenland,2020-03-16,1,0
995,Greenland,2020-03-17,1,0
996,Greenland,2020-03-18,1,0
997,Greenland,2020-03-19,2,0
998,Greenland,2020-03-20,2,0
999,Greenland,2020-03-21,2,0
1000,Greenland,2020-03-22,4,0
1001,Greenland,2020-03-23,4,0
1002,Greenland,2020-03-24,5,0
1003,Greenland,2020-03-25,6,0
1004,Greenland,2020-03-26,6,0
1005,Greenland,2020-03-27,10,0
1006,Greenland,2020-03-28,10,0
1007,Greenland,2020-03-29,10,0
1008,Greenland,2020-03-30,10,0
1009,Greenland,2020-03-31,10,0
1010,Greenland,2020-04-01,10,0
1011,Greenland,2020-04-02,10,0
1012,Greenland,2020-04-03,10,0
1013,Greenland,2020-04-04,11,0
1014,Greenland,2020-04-05,11,0
1015,Greenland,2020-04-06,11,0
1016,Greenland,2020-04-07,11,0
1017,Greenland,2020-04-08,11,0
1018,Greenland,2020-04-09,11,0
1019,Greenland,2020-04-10,11,0
1020,Greenland,2020-04-11,11,0
1021,Greenland,2020-04-12,11,0
1022,Greenland,2020-04-13,11,0
1023,Greenland,2020-04-14,11,0
1024,Greenland,2020-04-15,11,0
1025,Greenland,2020-04-16,11,0
1026,Greenland,2020-04-17,11,0
1027,Greenland,2020-04-18,11,0
1028,Greenland,2020-04-19,11,0
1029,Greenland,2020-04-20,11,0
1030,Greenland,2020-04-21,11,0
1031,Greenland,2020-04-22,11,0
1032,Greenland,2020-04-23,11,0
1033,Greenland,2020-04-24,11,0
1034,Greenland,2020-04-25,11,0
1035,Greenland,2020-04-26,11,0
1036,Greenland,2020-04-27,11,0
1037,Greenland,2020-04-28,11,0
1038,Greenland,2020-04-29,11,0
1039,Greenland,2020-04-30,11,0
1040,Greenland,2020-05-01,11,0
1041,Greenland,2020-05-02,11,0
1042,Greenland,2020-05-03,11,0
1043,Greenland,2020-05-04,11,0
1044,Greenland,2020-05-05,11,0
1045,Greenland,2020-05-06,11,0
1046,Greenland,2020-05-07,11,0
1047,Greenland,2020-05-08,11,0
1048,Greenland,2020-05-09,11,0
1049,Greenland,2020-05-10,11,0
1050,Greenland,2020-05-11,11,0
1051,Greenland,2020-05-12,11,0
1052,Greenland,2020-05-13,11,0
1053,Greenland,2020-05-14,11,0
1054,Greenland,2020-05-15,11,0
1055,Greenland,2020-05-16,11,0
1056,Greenland,2020-05-17,11,0
1057,Greenland,2020-05-18,11,0
1058,Greenland,2020-05-19,11,0
1059,Greenland,2020-05-20,11,0
1060,Greenland,2020-05-21,11,0
1061,Greenland,2020-05-22,11,0
1062,Greenland,2020-05-23,11,0
1063,Greenland,2020-05-24,12,0
1064,Greenland,2020-05-25,12,0
1065,Greenland,2020-05-26,12,0
1066,Greenland,2020-05-27,13,0
1067,Greenland,2020-05-28,13,0
1068,Greenland,2020-05-29,13,0
1069,Greenland,2020-05-30,13,0
1070,Greenland,2020-05-31,13,0
1071,Greenland,2020-06-01,13,0
1072,Greenland,2020-06-02,13,0
1073,Greenland,2020-06-03,13,0
1074,Greenland,2020-06-04,13,0
1075,Greenland,2020-06-05,13,0
1076,Greenland,2020-06-06,13,0
1077,Greenland,2020-06-07,13,0
1078,Greenland,2020-06-08,13,0
1079,Greenland,2020-06-09,13,0
1080,Greenland,2020-06-10,13,0
1081,Greenland,2020-06-11,13,0
1082,Greenland,2020-06-12,13,0
1083,Greenland,2020-06-13,13,0
1084,Greenland,2020-06-14,13,0
1085,Greenland,2020-06-15,13,0
1086,Greenland,2020-06-16,13,0
1087,Greenland,2020-06-17,13,0
1088,Greenland,2020-06-18,13,0
1089,Greenland,2020-06-19,13,0
1090,Greenland,2020-06-20,13,0
1091,Greenland,2020-06-21,13,0
1092,Greenland,2020-06-22,13,0
1093,Greenland,2020-06-23,13,0
1094,Greenland,2020-06-24,13,0
1095,Greenland,2020-06-25,13,0
1096,Greenland,2020-06-26,13,0
1097,Greenland,2020-06-27,13,0
1098,Greenland,2020-06-28,13,0
1099,Greenland,2020-06-29,13,0
1100,Greenland,2020-06-30,13,0
1101,Greenland,2020-07-01,13,0
1102,Greenland,2020-07-02,13,0
1103,Greenland,2020-07-03,13,0
1104,Greenland,2020-07-04,13,0
1105,Greenland,2020-07-05,13,0
1106,Greenland,2020-07-06,13,0
1107,Greenland,2020-07-07,13,0
1108,Greenland,2020-07-08,13,0
1109,Greenland,2020-07-09,13,0
1110,Greenland,2020-07-10,13,0
1111,Greenland,2020-07-11,13,0
1112,Greenland,2020-07-12,13,0
1113,Greenland,2020-07-13,13,0
1114,Greenland,2020-07-14,13,0
1115,Greenland,2020-07-15,13,0
1116,Greenland,2020-07-16,13,0
1117,Greenland,2020-07-17,13,0
1118,Greenland,2020-07-18,13,0
1119,Greenland,2020-07-19,13,0
1120,Greenland,2020-07-20,13,0
1121,Greenland,2020-07-21,13,0
1122,Greenland,2020-07-22,13,0
1123,Greenland,2020-07-23,13,0
1124,Greenland,2020-07-24,13,0
1125,Greenland,2020-07-25,13,0
1126,Greenland,2020-07-26,13,0
1127,Greenland,2020-07-27,14,0
1128,Netherlands,2020-01-22,0,0
1129,Netherlands,2020-01-23,0,0
1130,Netherlands,2020-01-24,0,0
1131,Netherlands,2020-01-25,0,0
1132,Netherlands,2020-01-26,0,0
1133,Netherlands,2020-01-27,0,0
1134,Netherlands,2020-01-28,0,0
1135,Netherlands,2020-01-29,0,0
1136,Netherlands,2020-01-30,0,0
1137,Netherlands,2020-01-31,0,0
1138,Netherlands,2020-02-01,0,0
1139,Netherlands,2020-02-02,0,0
1140,Netherlands,2020-02-03,0,0
1141,Netherlands,2020-02-04,0,0
1142,Netherlands,2020-02-05,0,0
1143,Netherlands,2020-02-06,0,0
1144,Netherlands,2020-02-07,0,0
1145,Netherlands,2020-02-08,0,0
1146,Netherlands,2020-02-09,0,0
1147,Netherlands,2020-02-10,0,0
1148,Netherlands,2020-02-11,0,0
1149,Netherlands,2020-02-12,0,0
1150,Netherlands,2020-02-13,0,0
1151,Netherlands,2020-02-14,0,0
1152,Netherlands,2020-02-15,0,0
1153,Netherlands,2020-02-16,0,0
1154,Netherlands,2020-02-17,0,0
1155,Netherlands,2020-02-18,0,0
1156,Netherlands,2020-02-19,0,0
1157,Netherlands,2020-02-20,0,0
1158,Netherlands,2020-02-21,0,0
1159,Netherlands,2020-02-22,0,0
1160,Netherlands,2020-02-23,0,0
1161,Netherlands,2020-02-24,0,0
1162,Netherlands,2020-02-25,0,0
1163,Netherlands,2020-02-26,0,0
1164,Netherlands,2020-02-27,0,0
1165,Netherlands,2020-02-28,0,0
1166,Netherlands,2020-02-29,0,0
1167,Netherlands,2020-03-01,0,0
1168,Netherlands,2020-03-02,0,0
1169,Netherlands,2020-03-03,0,0
1170,Netherlands,2020-03-04,0,0
1171,Netherlands,2020-03-05,0,0
1172,Netherlands,2020-03-06,0,0
1173,Netherlands,2020-03-07,0,0
1174,Netherlands,2020-03-08,0,0
1175,Netherlands,2020-03-09,0,0
1176,Netherlands,2020-03-10,0,0
1177,Netherlands,2020-03-11,0,0
1178,Netherlands,2020-03-12,0,0
1179,Netherlands,2020-03-13,2,0
1180,Netherlands,2020-03-14,3,0
1181,Netherlands,2020-03-15,3,0
1182,Netherlands,2020-03-16,3,0
1183,Netherlands,2020-03-17,6,0
1184,Netherlands,2020-03-18,7,0
1185,Netherlands,2020-03-19,7,1
1186,Netherlands,2020-03-20,9,1
1187,Netherlands,2020-03-21,9,1
1188,Netherlands,2020-03-22,13,1
1189,Netherlands,2020-03-23,15,1
1190,Netherlands,2020-03-24,20,1
1191,Netherlands,2020-03-25,26,1
1192,Netherlands,2020-03-26,37,1
1193,Netherlands,2020-03-27,44,1
1194,Netherlands,2020-03-28,57,1
1195,Netherlands,2020-03-29,64,1
1196,Netherlands,2020-03-30,67,1
1197,Netherlands,2020-03-31,72,1
1198,Netherlands,2020-04-01,82,2
1199,Netherlands,2020-04-02,89,2
1200,Netherlands,2020-04-03,96,3
1201,Netherlands,2020-04-04,98,5
1202,Netherlands,2020-04-05,100,5
1203,Netherlands,2020-04-06,121,7
1204,Netherlands,2020-04-07,127,7
1205,Netherlands,2020-04-08,131,7
1206,Netherlands,2020-04-09,139,7
1207,Netherlands,2020-04-10,150,9
1208,Netherlands,2020-04-11,156,10
1209,Netherlands,2020-04-12,156,10
1210,Netherlands,2020-04-13,156,10
1211,Netherlands,2020-04-14,158,10
1212,Netherlands,2020-04-15,160,11
1213,Netherlands,2020-04-16,166,12
1214,Netherlands,2020-04-17,167,12
1215,Netherlands,2020-04-18,174,12
1216,Netherlands,2020-04-19,178,13
1217,Netherlands,2020-04-20,178,13
1218,Netherlands,2020-04-21,178,13
1219,Netherlands,2020-04-22,185,14
1220,Netherlands,2020-04-23,187,15
1221,Netherlands,2020-04-24,189,15
1222,Netherlands,2020-04-25,189,15
1223,Netherlands,2020-04-26,190,16
1224,Netherlands,2020-04-27,190,16
1225,Netherlands,2020-04-28,191,16
1226,Netherlands,2020-04-29,191,16
1227,Netherlands,2020-04-30,191,16
1228,Netherlands,2020-05-01,192,16
1229,Netherlands,2020-05-02,192,16
1230,Netherlands,2020-05-03,192,16
1231,Netherlands,2020-05-04,192,16
1232,Netherlands,2020-05-05,193,17
1233,Netherlands,2020-05-06,193,17
1234,Netherlands,2020-05-07,193,18
1235,Netherlands,2020-05-08,193,18
1236,Netherlands,2020-05-09,193,19
1237,Netherlands,2020-05-10,193,19
1238,Netherlands,2020-05-11,193,19
1239,Netherlands,2020-05-12,193,19
1240,Netherlands,2020-05-13,193,19
1241,Netherlands,2020-05-14,193,19
1242,Netherlands,2020-05-15,193,19
1243,Netherlands,2020-05-16,194,19
1244,Netherlands,2020-05-17,194,19
1245,Netherlands,2020-05-18,194,19
1246,Netherlands,2020-05-19,194,19
1247,Netherlands,2020-05-20,194,19
1248,Netherlands,2020-05-21,194,19
1249,Netherlands,2020-05-22,194,19
1250,Netherlands,2020-05-23,195,19
1251,Netherlands,2020-05-24,195,19
1252,Netherlands,2020-05-25,196,19
1253,Netherlands,2020-05-26,196,19
1254,Netherlands,2020-05-27,196,19
1255,Netherlands,2020-05-28,196,19
1256,Netherlands,2020-05-29,196,19
1257,Netherlands,2020-05-30,197,19
1258,Netherlands,2020-05-31,197,19
1259,Netherlands,2020-06-01,197,19
1260,Netherlands,2020-06-02,198,19
1261,Netherlands,2020-06-03,199,19
1262,Netherlands,2020-06-04,199,19
1263,Netherlands,2020-06-05,199,19
1264,Netherlands,2020-06-06,199,19
1265,Netherlands,2020-06-07,199,19
1266,Netherlands,2020-06-08,199,19
1267,Netherlands,2020-06-09,199,19
1268,Netherlands,2020-06-10,200,19
1269,Netherlands,2020-06-11,200,19
1270,Netherlands,2020-06-12,200,19
1271,Netherlands,2020-06-13,200,19
1272,Netherlands,2020-06-14,200,19
1273,Netherlands,2020-06-15,200,19
1274,Netherlands,2020-06-16,201,19
1275,Netherlands,2020-06-17,201,19
1276,Netherlands,2020-06-18,201,19
1277,Netherlands,2020-06-19,201,19
1278,Netherlands,2020-06-20,201,19
1279,Netherlands,2020-06-21,201,19
1280,Netherlands,2020-06-22,201,19
1281,Netherlands,2020-06-23,201,19
1282,Netherlands,2020-06-24,201,19
1283,Netherlands,2020-06-25,201,19
1284,Netherlands,2020-06-26,201,19
1285,Netherlands,2020-06-27,201,19
1286,Netherlands,2020-06-28,201,19
1287,Netherlands,2020-06-29,203,19
1288,Netherlands,2020-06-30,203,19
1289,Netherlands,2020-07-01,203,19
1290,Netherlands,2020-07-02,204,19
1291,Netherlands,2020-07-03,204,19
1292,Netherlands,2020-07-04,206,19
1293,Netherlands,2020-07-05,206,19
1294,Netherlands,2020-07-06,206,19
1295,Netherlands,2020-07-07,206,19
1296,Netherlands,2020-07-08,206,19
1297,Netherlands,2020-07-09,208,19
1298,Netherlands,2020-07-10,208,19
1299,Netherlands,2020-07-11,208,19
1300,Netherlands,2020-07-12,208,19
1301,Netherlands,2020-07-13,208,19
1302,Netherlands,2020-07-14,209,19
1303,Netherlands,2020-07-15,210,19
1304,Netherlands,2020-07-16,212,19
1305,Netherlands,2020-07-17,218,19
1306,Netherlands,2020-07-18,218,19
1307,Netherlands,2020-07-19,220,19
1308,Netherlands,2020-07-20,222,19
1309,Netherlands,2020-07-21,224,19
1310,Netherlands,2020-07-22,224,19
1311,Netherlands,2020-07-23,226,19
1312,Netherlands,2020-07-24,231,19
1313,Netherlands,2020-07-25,241,19
1314,Netherlands,2020-07-26,262,19
1315,Netherlands,2020-07-27,262,19
1316,United Kingdom,2020-01-22,0,0
1317,United Kingdom,2020-01-23,0,0
1318,United Kingdom,2020-01-24,0,0
1319,United Kingdom,2020-01-25,0,0
1320,United Kingdom,2020-01-26,0,0
1321,United Kingdom,2020-01-27,0,0
1322,United Kingdom,2020-01-28,0,0
1323,United Kingdom,2020-01-29,0,0
1324,United Kingdom,2020-01-30,0,0
1325,United Kingdom,2020-01-31,0,0
1326,United Kingdom,2020-02-01,0,0
1327,United Kingdom,2020-02-02,0,0
1328,United Kingdom,2020-02-03,0,0
1329,United Kingdom,2020-02-04,0,0
1330,United Kingdom,2020-02-05,0,0
1331,United Kingdom,2020-02-06,0,0
1332,United Kingdom,2020-02-07,0,0
1333,United Kingdom,2020-02-08,0,0
1334,United Kingdom,2020-02-09,0,0
1335,United Kingdom,2020-02-10,0,0
1336,United Kingdom,2020-02-11,0,0
1337,United Kingdom,2020-02-12,0,0
1338,United Kingdom,2020-02-13,0,0
1339,United Kingdom,2020-02-14,0,0
1340,United Kingdom,2020-02-15,0,0
1341,United Kingdom,2020-02-16,0,0
1342,United Kingdom,2020-02-17,0,0
1343,United Kingdom,2020-02-18,0,0
1344,United Kingdom,2020-02-19,0,0
1345,United Kingdom,2020-02-20,0,0
1346,United Kingdom,2020-02-21,0,0
1347,United Kingdom,2020-02-22,0,0
1348,United Kingdom,2020-02-23,0,0
1349,United Kingdom,2020-02-24,0,0
1350,United Kingdom,2020-02-25,0,0
1351,United Kingdom,2020-02-26,0,0
1352,United Kingdom,2020-02-27,0,0
1353,United Kingdom,2020-02-28,0,0
1354,United Kingdom,2020-02-29,0,0
1355,United Kingdom,2020-03-01,0,0
1356,United Kingdom,2020-03-02,0,0
1357,United Kingdom,2020-03-03,0,0
1358,United Kingdom,2020-03-04,1,0
1359,United Kingdom,2020-03-05,1,0
1360,United Kingdom,2020-03-06,1,0
1361,United Kingdom,2020-03-07,1,0
1362,United Kingdom,2020-03-08,1,0
1363,United Kingdom,2020-03-09,1,0
1364,United Kingdom,2020-03-10,2,0
1365,United Kingdom,2020-03-11,3,0
1366,United Kingdom,2020-03-12,3,0
1367,United Kingdom,2020-03-13,4,0
1368,United Kingdom,2020-03-14,4,0
1369,United Kingdom,2020-03-15,5,0
1370,United Kingdom,2020-03-16,8,1
1371,United Kingdom,2020-03-17,10,1
1372,United Kingdom,2020-03-18,16,1
1373,United Kingdom,2020-03-19,27,1
1374,United Kingdom,2020-03-20,31,1
1375,United Kingdom,2020-03-21,49,1
1376,United Kingdom,2020-03-22,62,1
1377,United Kingdom,2020-03-23,76,1
1378,United Kingdom,2020-03-24,87,1
1379,United Kingdom,2020-03-25,111,1
1380,United Kingdom,2020-03-26,154,2
1381,United Kingdom,2020-03-27,202,2
1382,United Kingdom,2020-03-28,223,2
1383,United Kingdom,2020-03-29,258,3
1384,United Kingdom,2020-03-30,312,3
1385,United Kingdom,2020-03-31,331,4
1386,United Kingdom,2020-04-01,391,5
1387,United Kingdom,2020-04-02,455,5
1388,United Kingdom,2020-04-03,521,6
1389,United Kingdom,2020-04-04,574,7
1390,United Kingdom,2020-04-05,630,9
1391,United Kingdom,2020-04-06,671,12
1392,United Kingdom,2020-04-07,707,12
1393,United Kingdom,2020-04-08,741,14
1394,United Kingdom,2020-04-09,795,15
1395,United Kingdom,2020-04-10,847,16
1396,United Kingdom,2020-04-11,883,17
1397,United Kingdom,2020-04-12,927,17
1398,United Kingdom,2020-04-13,949,18
1399,United Kingdom,2020-04-14,972,22
1400,United Kingdom,2020-04-15,1007,26
1401,United Kingdom,2020-04-16,1052,30
1402,United Kingdom,2020-04-17,1077,31
1403,United Kingdom,2020-04-18,1097,34
1404,United Kingdom,2020-04-19,1105,35
1405,United Kingdom,2020-04-20,1113,41
1406,United Kingdom,2020-04-21,1128,41
1407,United Kingdom,2020-04-22,1143,51
1408,United Kingdom,2020-04-23,1168,53
1409,United Kingdom,2020-04-24,1176,61
1410,United Kingdom,2020-04-25,1192,62
1411,United Kingdom,2020-04-26,1197,62
1412,United Kingdom,2020-04-27,1199,65
1413,United Kingdom,2020-04-28,1205,67
1414,United Kingdom,2020-04-29,1220,69
1415,United Kingdom,2020-04-30,1228,71
1416,United Kingdom,2020-05-01,1231,73
1417,United Kingdom,2020-05-02,1240,74
1418,United Kingdom,2020-05-03,1243,74
1419,United Kingdom,2020-05-04,1248,75
1420,United Kingdom,2020-05-05,1253,74
1421,United Kingdom,2020-05-06,1258,74
1422,United Kingdom,2020-05-07,1262,74
1423,United Kingdom,2020-05-08,1265,75
1424,United Kingdom,2020-05-09,1265,75
1425,United Kingdom,2020-05-10,1266,75
1426,United Kingdom,2020-05-11,1272,76
1427,United Kingdom,2020-05-12,1278,77
1428,United Kingdom,2020-05-13,1280,78
1429,United Kingdom,2020-05-14,1289,79
1430,United Kingdom,2020-05-15,1293,80
1431,United Kingdom,2020-05-16,1300,80
1432,United Kingdom,2020-05-17,1300,80
1433,United Kingdom,2020-05-18,1303,80
1434,United Kingdom,2020-05-19,1320,81
1435,United Kingdom,2020-05-20,1326,82
1436,United Kingdom,2020-05-21,1338,82
1437,United Kingdom,2020-05-22,1349,82
1438,United Kingdom,2020-05-23,1350,82
1439,United Kingdom,2020-05-24,1357,82
1440,United Kingdom,2020-05-25,1363,82
1441,United Kingdom,2020-05-26,1372,82
1442,United Kingdom,2020-05-27,1379,82
1443,United Kingdom,2020-05-28,1381,82
1444,United Kingdom,2020-05-29,1385,82
1445,United Kingdom,2020-05-30,1393,82
1446,United Kingdom,2020-05-31,1394,82
1447,United Kingdom,2020-06-01,1404,82
1448,United Kingdom,2020-06-02,1407,83
1449,United Kingdom,2020-06-03,1414,83
1450,United Kingdom,2020-06-04,1418,83
1451,United Kingdom,2020-06-05,1423,83
1452,United Kingdom,2020-06-06,1426,83
1453,United Kingdom,2020-06-07,1427,83
1454,United Kingdom,2020-06-08,1435,83
1455,United Kingdom,2020-06-09,1441,85
1456,United Kingdom,2020-06-10,1445,85
1457,United Kingdom,2020-06-11,1451,85
1458,United Kingdom,2020-06-12,1452,85
1459,United Kingdom,2020-06-13,1453,85
1460,United Kingdom,2020-06-14,1453,85
1461,United Kingdom,2020-06-15,1458,85
1462,United Kingdom,2020-06-16,1464,85
1463,United Kingdom,2020-06-17,1466,85
1464,United Kingdom,2020-06-18,1466,85
1465,United Kingdom,2020-06-19,1470,85
1466,United Kingdom,2020-06-20,1470,85
1467,United Kingdom,2020-06-21,1472,85
1468,United Kingdom,2020-06-22,1472,84
1469,United Kingdom,2020-06-23,1472,84
1470,United Kingdom,2020-06-24,1475,84
1471,United Kingdom,2020-06-25,1475,84
1472,United Kingdom,2020-06-26,1476,84
1473,United Kingdom,2020-06-27,1477,84
1474,United Kingdom,2020-06-28,1489,84
1475,United Kingdom,2020-06-29,1505,84
1476,United Kingdom,2020-06-30,1506,85
1477,United Kingdom,2020-07-01,1509,85
1478,United Kingdom,2020-07-02,1511,85
1479,United Kingdom,2020-07-03,1511,85
1480,United Kingdom,2020-07-04,1512,85
1481,United Kingdom,2020-07-05,1515,85
1482,United Kingdom,2020-07-06,1522,85
1483,United Kingdom,2020-07-07,1525,85
1484,United Kingdom,2020-07-08,1532,85
1485,United Kingdom,2020-07-09,1533,85
1486,United Kingdom,2020-07-10,1545,85
1487,United Kingdom,2020-07-11,1551,85
1488,United Kingdom,2020-07-12,1551,85
1489,United Kingdom,2020-07-13,1558,85
1490,United Kingdom,2020-07-14,1558,85
1491,United Kingdom,2020-07-15,1558,85
1492,United Kingdom,2020-07-16,1564,85
1493,United Kingdom,2020-07-17,1564,85
1494,United Kingdom,2020-07-18,1566,85
1495,United Kingdom,2020-07-19,1566,85
1496,United Kingdom,2020-07-20,1572,85
1497,United Kingdom,2020-07-21,1572,85
1498,United Kingdom,2020-07-22,1575,85
1499,United Kingdom,2020-07-23,1585,85
1500,United Kingdom,2020-07-24,1586,85
1501,United Kingdom,2020-07-25,1589,85
1502,United Kingdom,2020-07-26,1594,85
1503,United Kingdom,2020-07-27,1597,85
